{
  "__inputs": [],
  "__requires": [
    {
      "type": "grafana",
      "id": "grafana",
      "name": "Grafana",
      "version": "5.0.0-pre1"
    },
    {
      "type": "panel",
      "id": "graph",
      "name": "Graph",
      "version": ""
    },
    {
      "type": "panel",
      "id": "singlestat",
      "name": "Singlestat",
      "version": ""
    }
  ],
  "annotations": {
    "list": [
      {
        "builtIn": 1,
        "datasource": "-- Grafana --",
        "enable": true,
        "hide": true,
        "iconColor": "rgba(0, 211, 255, 1)",
        "name": "Annotations & Alerts",
        "type": "dashboard"
      }
    ]
  },
  "id": null,
  "editable": true,
  "graphTooltip": 1,
  "refresh": "1m",
  "schemaVersion": 21,
  "time": {
    "from": "now-30m",
    "to": "now"
  },
  "timepicker": {
    "refresh_intervals": [
      "5s",
      "10s",
      "30s",
      "1m",
      "5m",
      "15m",
      "30m",
      "1h",
      "2h",
      "1d"
    ],
    "time_options": [
      "5m",
      "15m",
      "1h",
      "6h",
      "12h",
      "24h",
      "2d",
      "7d",
      "30d"
    ]
  },
  "tags": ["kubernetes", "DevOpsProdigy", "node", "KubeGraf"],
  "timezone": "browser",
  "title": "DevOpsProdigy KubeGraf Node's Dashboard",
  "templating": {
    "list": [
      {
        "hide": 0,
        "label": null,
        "name": "cluster",
        "options": [],
        "query": "devopsprodidy-kubegraf-datasource",
        "refresh": 1,
        "regex": "",
        "type": "datasource"
      },
      {
        "datasource": "$cluster",
        "hide": 2,
        "label": "",
        "name": "prom_ds",
        "options": [],
        "query": "prom",
        "refresh": 1,
        "regex": "",
        "type": "query"
      },
      {
        "hide": 2,
        "label": "",
        "name": "PromDs",
        "options": [],
        "query": "prometheus",
        "refresh": 1,
        "regex": "/^$prom_ds$/",
        "type": "datasource"
      },
      {
        "datasource": "$cluster",
        "type": "query",
        "name": "node",
        "query": "node",
        "hide": 0,
        "label": null,
        "options": [],
        "refresh": 1,
        "regex": ""
      },
      {
        "datasource": "$cluster",
        "type": "query",
        "name": "nodeHost",
        "query": "nodeHost $node",
        "hide": 2,
        "label": null,
        "options": [],
        "refresh": 1,
        "regex": ""
      }
    ]
  },
  "panels": [
    {
      "cacheTimeout": null,
      "colorBackground": false,
      "colorValue": true,
      "colors": [
        "#299c46",
        "rgba(237, 129, 40, 0.89)",
        "#d44a3a"
      ],
      "decimals": 2,
      "datasource": "$PromDs",
      "format": "percent",
      "gauge": {
        "maxValue": 100,
        "minValue": 0,
        "show": true,
        "thresholdLabels": false,
        "thresholdMarkers": true
      },
      "gridPos": {
        "h": 5,
        "w": 8,
        "x": 0,
        "y": 0
      },
      "id": 1,
      "interval": null,
      "links": [],
      "mappingType": 1,
      "mappingTypes": [
        {
          "name": "value to text",
          "value": 1
        },
        {
          "name": "range to text",
          "value": 2
        }
      ],
      "maxDataPoints": 100,
      "nullPointMode": "connected",
      "nullText": null,
      "postfix": "",
      "postfixFontSize": "50%",
      "prefix": "",
      "prefixFontSize": "50%",
      "rangeMaps": [
        {
          "from": "null",
          "text": "N/A",
          "to": "null"
        }
      ],
      "sparkline": {
        "fillColor": "rgba(31, 118, 189, 0.18)",
        "full": false,
        "lineColor": "rgb(31, 120, 193)",
        "show": false
      },
      "tableColumn": "",
      "targets": [
        {
          "expr": "(sum(kubelet_running_pod_count{instance=~\"$node|$nodeHost.*\"}) / sum(kube_node_status_allocatable_pods{node=~\"$node\"})) * 100",
          "format": "time_series",
          "intervalFactor": 1,
          "refId": "A",
          "instant": true
        }
      ],
      "thresholds": "50,80",
      "timeFrom": null,
      "timeShift": null,
      "title": "Node \"$node\" Pods Usage",
      "type": "singlestat",
      "valueFontSize": "50%",
      "valueMaps": [
        {
          "op": "=",
          "text": "N/A",
          "value": "null"
        }
      ],
      "valueName": "current"
    },
    {
      "cacheTimeout": null,
      "colorBackground": false,
      "colorValue": true,
      "colors": [
        "#299c46",
        "rgba(237, 129, 40, 0.89)",
        "#d44a3a"
      ],
      "decimals": 2,
      "datasource": "$PromDs",
      "format": "percent",
      "gauge": {
        "maxValue": 100,
        "minValue": 0,
        "show": true,
        "thresholdLabels": false,
        "thresholdMarkers": true
      },
      "gridPos": {
        "h": 5,
        "w": 8,
        "x": 8,
        "y": 0
      },
      "id": 2,
      "interval": null,
      "links": [],
      "mappingType": 1,
      "mappingTypes": [
        {
          "name": "value to text",
          "value": 1
        },
        {
          "name": "range to text",
          "value": 2
        }
      ],
      "maxDataPoints": 100,
      "nullPointMode": "connected",
      "nullText": null,
      "postfix": "",
      "postfixFontSize": "50%",
      "prefix": "",
      "prefixFontSize": "50%",
      "rangeMaps": [
        {
          "from": "null",
          "text": "N/A",
          "to": "null"
        }
      ],
      "sparkline": {
        "fillColor": "rgba(31, 118, 189, 0.18)",
        "full": false,
        "lineColor": "rgb(31, 120, 193)",
        "show": false
      },
      "tableColumn": "",
      "targets": [
        {
          "expr": "(sum(rate(container_cpu_usage_seconds_total{instance=~'$node|$nodeHost.*', id='/'}[2m])) / sum(kube_node_status_allocatable_cpu_cores{node=~'$node'})) * 100",
          "format": "time_series",
          "intervalFactor": 1,
          "refId": "A",
          "instant": true
        }
      ],
      "thresholds": "50,80",
      "timeFrom": null,
      "timeShift": null,
      "title": "Node \"$node\" CPU Usage",
      "type": "singlestat",
      "valueFontSize": "50%",
      "valueMaps": [
        {
          "op": "=",
          "text": "N/A",
          "value": "null"
        }
      ],
      "valueName": "current"
    },
    {
      "cacheTimeout": null,
      "colorBackground": false,
      "colorValue": true,
      "colors": [
        "#299c46",
        "rgba(237, 129, 40, 0.89)",
        "#d44a3a"
      ],
      "decimals": 2,
      "datasource": "$PromDs",
      "format": "percent",
      "gauge": {
        "maxValue": 100,
        "minValue": 0,
        "show": true,
        "thresholdLabels": false,
        "thresholdMarkers": true
      },
      "gridPos": {
        "h": 5,
        "w": 8,
        "x": 16,
        "y": 0
      },
      "id": 3,
      "interval": null,
      "links": [],
      "mappingType": 1,
      "mappingTypes": [
        {
          "name": "value to text",
          "value": 1
        },
        {
          "name": "range to text",
          "value": 2
        }
      ],
      "maxDataPoints": 100,
      "nullPointMode": "connected",
      "nullText": null,
      "postfix": "",
      "postfixFontSize": "50%",
      "prefix": "",
      "prefixFontSize": "50%",
      "rangeMaps": [
        {
          "from": "null",
          "text": "N/A",
          "to": "null"
        }
      ],
      "sparkline": {
        "fillColor": "rgba(31, 118, 189, 0.18)",
        "full": false,
        "lineColor": "rgb(31, 120, 193)",
        "show": false
      },
      "tableColumn": "",
      "targets": [
        {
          "expr": "sum(node_memory_MemTotal_bytes{instance=~\"$node|$nodeHost.*\"} - node_memory_MemFree_bytes{instance=~\"$node|$nodeHost.*\"} - node_memory_Buffers_bytes{instance=~\"$node|$nodeHost.*\"} - node_memory_Cached_bytes{instance=~\"$node|$nodeHost.*\"}) / sum(kube_node_status_allocatable_memory_bytes{node=~\"$node\"}) * 100",
          "format": "time_series",
          "intervalFactor": 1,
          "refId": "A",
          "instant": true
        }
      ],
      "thresholds": "50,80",
      "timeFrom": null,
      "timeShift": null,
      "title": "Node \"$node\" Memory Usage",
      "type": "singlestat",
      "valueFontSize": "50%",
      "valueMaps": [
        {
          "op": "=",
          "text": "N/A",
          "value": "null"
        }
      ],
      "valueName": "current"
    },
    {
      "content": "<br><br><br>\n<h1 style=\"text-align:center\">Requested<br> resources</h1>",
      "datasource": null,
      "gridPos": {
        "h": 5,
        "w": 8,
        "x": 0,
        "y": 5
      },
      "id": 4,
      "mode": "html",
      "options": {},
      "repeat": null,
      "repeatDirection": "h",
      "timeFrom": null,
      "timeShift": null,
      "title": "",
      "type": "text"
    },
    {
      "cacheTimeout": null,
      "colorBackground": false,
      "colorValue": true,
      "colors": [
        "#299c46",
        "rgba(237, 129, 40, 0.89)",
        "#d44a3a"
      ],
      "decimals": 2,
      "datasource": "$PromDs",
      "format": "percent",
      "gauge": {
        "maxValue": 100,
        "minValue": 0,
        "show": true,
        "thresholdLabels": false,
        "thresholdMarkers": true
      },
      "gridPos": {
        "h": 5,
        "w": 8,
        "x": 8,
        "y": 5
      },
      "id": 5,
      "interval": null,
      "links": [],
      "mappingType": 1,
      "mappingTypes": [
        {
          "name": "value to text",
          "value": 1
        },
        {
          "name": "range to text",
          "value": 2
        }
      ],
      "maxDataPoints": 100,
      "nullPointMode": "connected",
      "nullText": null,
      "postfix": "",
      "postfixFontSize": "50%",
      "prefix": "",
      "prefixFontSize": "50%",
      "rangeMaps": [
        {
          "from": "null",
          "text": "N/A",
          "to": "null"
        }
      ],
      "sparkline": {
        "fillColor": "rgba(31, 118, 189, 0.18)",
        "full": false,
        "lineColor": "rgb(31, 120, 193)",
        "show": false
      },
      "tableColumn": "",
      "targets": [
        {
          "expr": "sum(kube_pod_container_resource_requests_cpu_cores{node=~\"$node\"}) / sum(kube_node_status_allocatable_cpu_cores{node=~\"$node\"}) * 100",
          "format": "time_series",
          "intervalFactor": 1,
          "refId": "A",
          "instant": true
        }
      ],
      "thresholds": "50,80",
      "timeFrom": null,
      "timeShift": null,
      "title": "Node \"$node\" CPU Requested",
      "type": "singlestat",
      "valueFontSize": "50%",
      "valueMaps": [
        {
          "op": "=",
          "text": "N/A",
          "value": "null"
        }
      ],
      "valueName": "current"
    },
    {
      "cacheTimeout": null,
      "colorBackground": false,
      "colorValue": true,
      "colors": [
        "#299c46",
        "rgba(237, 129, 40, 0.89)",
        "#d44a3a"
      ],
      "decimals": 2,
      "datasource": "$PromDs",
      "format": "percent",
      "gauge": {
        "maxValue": 100,
        "minValue": 0,
        "show": true,
        "thresholdLabels": false,
        "thresholdMarkers": true
      },
      "gridPos": {
        "h": 5,
        "w": 8,
        "x": 16,
        "y": 5
      },
      "id": 6,
      "interval": null,
      "links": [],
      "mappingType": 1,
      "mappingTypes": [
        {
          "name": "value to text",
          "value": 1
        },
        {
          "name": "range to text",
          "value": 2
        }
      ],
      "maxDataPoints": 100,
      "nullPointMode": "connected",
      "nullText": null,
      "postfix": "",
      "postfixFontSize": "50%",
      "prefix": "",
      "prefixFontSize": "50%",
      "rangeMaps": [
        {
          "from": "null",
          "text": "N/A",
          "to": "null"
        }
      ],
      "sparkline": {
        "fillColor": "rgba(31, 118, 189, 0.18)",
        "full": false,
        "lineColor": "rgb(31, 120, 193)",
        "show": false
      },
      "tableColumn": "",
      "targets": [
        {
          "expr": "sum(kube_pod_container_resource_requests_memory_bytes{node=~\"$node\"}) / sum(kube_node_status_allocatable_memory_bytes{node=~\"$node\"}) * 100",
          "format": "time_series",
          "intervalFactor": 1,
          "refId": "A",
          "instant": true
        }
      ],
      "thresholds": "50,80",
      "timeFrom": null,
      "timeShift": null,
      "title": "Node \"$node\" Memory Requested",
      "type": "singlestat",
      "valueFontSize": "50%",
      "valueMaps": [
        {
          "op": "=",
          "text": "N/A",
          "value": "null"
        }
      ],
      "valueName": "current"
    },
    {
      "aliasColors": {},
      "bars": false,
      "dashLength": 10,
      "dashes": false,
      "datasource": "$PromDs",
      "fill": 1,
      "decimals": 2,
      "gridPos": {
        "h": 7,
        "w": 8,
        "x": 8,
        "y": 10
      },
      "id": 7,
      "legend": {
        "avg": false,
        "current": false,
        "max": false,
        "min": false,
        "show": true,
        "total": false,
        "values": false
      },
      "lines": true,
      "linewidth": 1,
      "links": [],
      "nullPointMode": "null",
      "paceLength": 10,
      "percentage": false,
      "pointradius": 2,
      "points": false,
      "renderer": "flot",
      "seriesOverrides": [],
      "stack": false,
      "steppedLine": false,
      "targets": [
        {
          "expr": "sum(kube_node_status_capacity_cpu_cores{node=~\"$node\"})",
          "format": "time_series",
          "intervalFactor": 1,
          "legendFormat": "Capacity",
          "refId": "A"
        },
        {
          "expr": "sum(kube_node_status_allocatable_cpu_cores{node=~\"$node\"})",
          "format": "time_series",
          "intervalFactor": 1,
          "legendFormat": "Allocatable",
          "refId": "B"
        },
        {
          "expr": "sum(kube_pod_container_resource_requests_cpu_cores{node=~\"$node\"})",
          "format": "time_series",
          "intervalFactor": 1,
          "legendFormat": "Requested",
          "refId": "C"
        },
        {
          "expr": "sum(rate(container_cpu_usage_seconds_total{instance=~'$node|$nodeHost.*', id='/'}[2m])) by (instance)",
          "format": "time_series",
          "intervalFactor": 1,
          "legendFormat": "Used",
          "refId": "D"
        }
      ],
      "thresholds": [],
      "timeFrom": null,
      "timeRegions": [],
      "timeShift": null,
      "title": "Node \"$node\" CPU Usage",
      "tooltip": {
        "shared": true,
        "sort": 0,
        "value_type": "individual"
      },
      "type": "graph",
      "xaxis": {
        "buckets": null,
        "mode": "time",
        "name": null,
        "show": true,
        "values": []
      },
      "yaxes": [
        {
          "format": "short",
          "label": null,
          "decimals": 2,
          "logBase": 1,
          "max": null,
          "min": "0",
          "show": true
        },
        {
          "format": "short",
          "label": null,
          "decimals": 2,
          "logBase": 1,
          "max": null,
          "min": null,
          "show": true
        }
      ],
      "yaxis": {
        "align": false,
        "alignLevel": null
      }
    },
    {
      "aliasColors": {},
      "bars": false,
      "dashLength": 10,
      "datasource": "$PromDs",
      "dashes": false,
      "fill": 1,
      "gridPos": {
        "h": 7,
        "w": 8,
        "x": 16,
        "y": 10
      },
      "id": 8,
      "legend": {
        "avg": false,
        "current": false,
        "max": false,
        "min": false,
        "show": true,
        "total": false,
        "values": false
      },
      "lines": true,
      "linewidth": 1,
      "links": [],
      "nullPointMode": "null",
      "paceLength": 10,
      "percentage": false,
      "pointradius": 2,
      "points": false,
      "renderer": "flot",
      "seriesOverrides": [],
      "stack": false,
      "steppedLine": false,
      "targets": [
        {
          "expr": "sum(kube_node_status_capacity_memory_bytes{node=~\"$node\"})",
          "format": "time_series",
          "intervalFactor": 1,
          "legendFormat": "Capacity",
          "refId": "A"
        },
        {
          "expr": "sum(kube_node_status_allocatable_memory_bytes{node=~\"$node\"})",
          "format": "time_series",
          "intervalFactor": 1,
          "legendFormat": "Allocatable",
          "refId": "B"
        },
        {
          "expr": "sum(kube_pod_container_resource_requests_memory_bytes{node=~\"$node\"})",
          "format": "time_series",
          "intervalFactor": 1,
          "legendFormat": "Requested",
          "refId": "C"
        },
        {
          "expr": "max(node_memory_MemTotal_bytes{instance=~\"$node|$nodeHost.*\"} - node_memory_MemFree_bytes{instance=~\"$node|$nodeHost.*\"} - node_memory_Buffers_bytes{instance=~\"$node|$nodeHost.*\"} - node_memory_Cached_bytes{instance=~\"$node|$nodeHost.*\"})",
          "format": "time_series",
          "intervalFactor": 1,
          "legendFormat": "Used",
          "refId": "D"
        }
      ],
      "thresholds": [],
      "timeFrom": null,
      "timeRegions": [],
      "timeShift": null,
      "title": "Node \"$node\" Memory Usage",
      "tooltip": {
        "shared": true,
        "sort": 0,
        "value_type": "individual"
      },
      "type": "graph",
      "xaxis": {
        "buckets": null,
        "mode": "time",
        "name": null,
        "show": true,
        "values": []
      },
      "yaxes": [
        {
          "format": "bytes",
          "label": null,
          "logBase": 1,
          "max": null,
          "min": "0",
          "show": true
        },
        {
          "format": "short",
          "label": null,
          "logBase": 1,
          "max": null,
          "min": null,
          "show": true
        }
      ],
      "yaxis": {
        "align": false,
        "alignLevel": null
      }
    },
    {
      "aliasColors": {},
      "bars": false,
      "dashLength": 10,
      "dashes": false,
      "datasource": "$PromDs",
      "fill": 1,
      "gridPos": {
        "h": 7,
        "w": 8,
        "x": 0,
        "y": 10
      },
      "id": 9,
      "legend": {
        "avg": false,
        "current": false,
        "max": false,
        "min": false,
        "show": true,
        "total": false,
        "values": false
      },
      "lines": true,
      "linewidth": 1,
      "links": [],
      "nullPointMode": "null",
      "paceLength": 10,
      "percentage": false,
      "pointradius": 2,
      "points": false,
      "renderer": "flot",
      "seriesOverrides": [],
      "stack": false,
      "steppedLine": false,
      "targets": [
        {
          "expr": "sum(kube_node_status_capacity_pods{node=~\"$node\"})",
          "format": "time_series",
          "intervalFactor": 1,
          "legendFormat": "Capacity",
          "refId": "A"
        },
        {
          "expr": "sum(kube_node_status_allocatable_pods{node=~\"$node\"})",
          "format": "time_series",
          "intervalFactor": 1,
          "legendFormat": "Allocatable",
          "refId": "B"
        },
        {
          "expr": "sum(kubelet_running_pod_count{instance=~\"$node|$nodeHost.*\"})",
          "format": "time_series",
          "intervalFactor": 1,
          "legendFormat": "Used",
          "refId": "C"
        }
      ],
      "thresholds": [],
      "timeFrom": null,
      "timeRegions": [],
      "timeShift": null,
      "title": "Node \"$node\" Pods Usage",
      "tooltip": {
        "shared": true,
        "sort": 0,
        "value_type": "individual"
      },
      "type": "graph",
      "xaxis": {
        "buckets": null,
        "mode": "time",
        "name": null,
        "show": true,
        "values": []
      },
      "yaxes": [
        {
          "format": "short",
          "label": null,
          "logBase": 1,
          "max": null,
          "min": "0",
          "show": true
        },
        {
          "format": "short",
          "label": null,
          "logBase": 1,
          "max": null,
          "min": null,
          "show": true
        }
      ],
      "yaxis": {
        "align": false,
        "alignLevel": null
      }
    },
    {
      "aliasColors": {},
      "datasource": "$PromDs",
      "bars": false,
      "dashLength": 10,
      "dashes": false,
      "fill": 1,
      "gridPos": {
        "h": 8,
        "w": 12,
        "x": 0,
        "y": 12
      },
      "id": 10,
      "legend": {
        "avg": false,
        "current": false,
        "max": false,
        "min": false,
        "show": true,
        "total": false,
        "values": false
      },
      "lines": true,
      "linewidth": 1,
      "nullPointMode": "null",
      "paceLength": 10,
      "percentage": false,
      "pointradius": 2,
      "points": false,
      "renderer": "flot",
      "seriesOverrides": [],
      "stack": true,
      "steppedLine": false,
      "targets": [
        {
          "expr": "(sum without(cpu)(rate(node_cpu_seconds_total{instance=~\"$node|$nodeHost.*\"}[2m])) / ignoring(mode) group_left sum without(mode, cpu)(rate(node_cpu_seconds_total{instance=~\"$node|$nodeHost.*\"}[2m])))*100",
          "format": "time_series",
          "intervalFactor": 1,
          "legendFormat": "{{mode}}",
          "refId": "A"
        }
      ],
      "thresholds": [],
      "timeFrom": null,
      "timeRegions": [],
      "timeShift": null,
      "title": "CPU %",
      "tooltip": {
        "shared": true,
        "sort": 0,
        "value_type": "individual"
      },
      "type": "graph",
      "xaxis": {
        "buckets": null,
        "mode": "time",
        "name": null,
        "show": true,
        "values": []
      },
      "yaxes": [
        {
          "format": "percent",
          "label": null,
          "logBase": 1,
          "max": 120,
          "min": 0,
          "show": true,
          "decimals": 2
        },
        {
          "format": "short",
          "label": null,
          "logBase": 1,
          "max": null,
          "min": null,
          "show": true
        }
      ],
      "yaxis": {
        "align": false,
        "alignLevel": null
      }
    },
    {
      "aliasColors": {},
      "bars": false,
      "datasource": "$PromDs",
      "dashLength": 10,
      "dashes": false,
      "fill": 1,
      "gridPos": {
        "h": 8,
        "w": 12,
        "x": 13,
        "y": 12
      },
      "id": 11,
      "legend": {
        "avg": false,
        "current": false,
        "max": false,
        "min": false,
        "show": true,
        "total": false,
        "values": false
      },
      "lines": true,
      "linewidth": 1,
      "links": [],
      "nullPointMode": "null",
      "paceLength": 10,
      "percentage": false,
      "pointradius": 2,
      "points": false,
      "renderer": "flot",
      "seriesOverrides": [
        {
          "alias": "Total",
          "color": "#E0F9D7",
          "fill": 0,
          "stack": false
        }
      ],
      "stack": true,
      "steppedLine": false,
      "targets": [
        {
          "expr": "max(node_memory_MemTotal_bytes{instance=~\"$node|$nodeHost.*\"})",
          "format": "time_series",
          "intervalFactor": 1,
          "legendFormat": "Total",
          "refId": "A"
        },
        {
          "expr": "max(node_memory_MemFree_bytes{instance=~\"$node|$nodeHost.*\"})",
          "format": "time_series",
          "intervalFactor": 1,
          "legendFormat": "Free",
          "refId": "B"
        },
        {
          "expr": "max(node_memory_Cached_bytes{instance=~\"$node|$nodeHost.*\"} + node_memory_Buffers_bytes{instance=~\"$node|$nodeHost.*\"})",
          "format": "time_series",
          "intervalFactor": 1,
          "legendFormat": "Cache + Buffer",
          "refId": "C"
        },
        {
          "expr": "max(node_memory_MemTotal_bytes{instance=~\"$node|$nodeHost.*\"} - node_memory_MemFree_bytes{instance=~\"$node|$nodeHost.*\"} - node_memory_Buffers_bytes{instance=~\"$node|$nodeHost.*\"} - node_memory_Cached_bytes{instance=~\"$node|$nodeHost.*\"})",
          "format": "time_series",
          "intervalFactor": 1,
          "legendFormat": "Used",
          "refId": "D"
        },
        {
          "expr": "max((node_memory_SwapTotal_bytes{instance=~\"$node|$nodeHost.*\"} - node_memory_SwapFree_bytes{instance=~\"$node|$nodeHost.*\"}))",
          "format": "time_series",
          "intervalFactor": 1,
          "legendFormat": "Swap",
          "refId": "E"
        }
      ],
      "thresholds": [],
      "timeFrom": null,
      "timeRegions": [],
      "timeShift": null,
      "title": "Memory",
      "tooltip": {
        "shared": true,
        "sort": 0,
        "value_type": "individual"
      },
      "type": "graph",
      "xaxis": {
        "buckets": null,
        "mode": "time",
        "name": null,
        "show": true,
        "values": []
      },
      "yaxes": [
        {
          "format": "bytes",
          "label": null,
          "logBase": 1,
          "max": null,
          "min": 0,
          "show": true
        },
        {
          "format": "short",
          "label": null,
          "logBase": 1,
          "max": null,
          "min": null,
          "show": true
        }
      ],
      "yaxis": {
        "align": false,
        "alignLevel": null
      }
    },
    {
      "aliasColors": {},
      "bars": false,
      "dashLength": 10,
      "datasource": "$PromDs",
      "dashes": false,
      "fill": 1,
      "gridPos": {
        "h": 8,
        "w": 8,
        "x": 0,
        "y": 20
      },
      "id": 12,
      "legend": {
        "avg": false,
        "current": false,
        "max": false,
        "min": false,
        "show": true,
        "total": false,
        "values": false
      },
      "lines": true,
      "linewidth": 1,
      "links": [],
      "nullPointMode": "null",
      "paceLength": 10,
      "percentage": false,
      "pointradius": 2,
      "points": false,
      "renderer": "flot",
      "seriesOverrides": [],
      "stack": false,
      "steppedLine": false,
      "targets": [
        {
          "expr": "node_filesystem_free_bytes{instance=~\"$node|$nodeHost.*\"}",
          "format": "time_series",
          "intervalFactor": 1,
          "legendFormat": "Filesystem free. {{device}}",
          "refId": "A"
        },
        {
          "expr": "node_filesystem_size_bytes{instance=~\"$node|$nodeHost.*\"}",
          "format": "time_series",
          "intervalFactor": 1,
          "legendFormat": "Filesystem size. {{device}}",
          "refId": "B"
        }
      ],
      "thresholds": [],
      "timeFrom": null,
      "timeRegions": [],
      "timeShift": null,
      "title": "Disk Usage and Capacity",
      "tooltip": {
        "shared": true,
        "sort": 0,
        "value_type": "individual"
      },
      "type": "graph",
      "xaxis": {
        "buckets": null,
        "mode": "time",
        "name": null,
        "show": true,
        "values": []
      },
      "yaxes": [
        {
          "format": "bytes",
          "label": null,
          "logBase": 1,
          "max": null,
          "min": "0",
          "show": true
        },
        {
          "format": "short",
          "label": null,
          "logBase": 1,
          "max": null,
          "min": null,
          "show": true
        }
      ],
      "yaxis": {
        "align": false,
        "alignLevel": null
      }
    },
    {
      "aliasColors": {},
      "bars": false,
      "dashLength": 10,
      "datasource": "$PromDs",
      "dashes": false,
      "fill": 1,
      "gridPos": {
        "h": 8,
        "w": 8,
        "x": 8,
        "y": 20
      },
      "id": 13,
      "legend": {
        "avg": false,
        "current": false,
        "max": false,
        "min": false,
        "show": true,
        "total": false,
        "values": false
      },
      "lines": true,
      "linewidth": 1,
      "links": [],
      "nullPointMode": "null",
      "paceLength": 10,
      "percentage": false,
      "pointradius": 2,
      "points": false,
      "renderer": "flot",
      "seriesOverrides": [],
      "stack": false,
      "steppedLine": false,
      "targets": [
        {
          "expr": "rate(node_disk_read_bytes_total{instance=~\"$node|$nodeHost.*\"}[2m])",
          "format": "time_series",
          "intervalFactor": 1,
          "legendFormat": "Read. {{device}}",
          "refId": "A"
        },
        {
          "expr": "rate(node_disk_written_bytes_total{instance=~\"$node|$nodeHost.*\"}[2m])",
          "format": "time_series",
          "intervalFactor": 1,
          "legendFormat": "Write. {{device}}",
          "refId": "B"
        }
      ],
      "thresholds": [],
      "timeFrom": null,
      "timeRegions": [],
      "timeShift": null,
      "title": "Disk Throughput",
      "tooltip": {
        "shared": true,
        "sort": 0,
        "value_type": "individual"
      },
      "type": "graph",
      "xaxis": {
        "buckets": null,
        "mode": "time",
        "name": null,
        "show": true,
        "values": []
      },
      "yaxes": [
        {
          "format": "Bps",
          "label": null,
          "logBase": 1,
          "max": null,
          "min": "0",
          "show": true
        },
        {
          "format": "short",
          "label": null,
          "logBase": 1,
          "max": null,
          "min": null,
          "show": true
        }
      ],
      "yaxis": {
        "align": false,
        "alignLevel": null
      }
    },
    {
      "aliasColors": {},
      "datasource": "$PromDs",
      "bars": false,
      "dashLength": 10,
      "dashes": false,
      "fill": 1,
      "gridPos": {
        "h": 8,
        "w": 8,
        "x": 16,
        "y": 20
      },
      "id": 14,
      "legend": {
        "avg": false,
        "current": false,
        "max": false,
        "min": false,
        "show": true,
        "total": false,
        "values": false
      },
      "lines": true,
      "linewidth": 1,
      "links": [],
      "nullPointMode": "null",
      "paceLength": 10,
      "percentage": false,
      "pointradius": 2,
      "points": false,
      "renderer": "flot",
      "seriesOverrides": [],
      "stack": false,
      "steppedLine": false,
      "targets": [
        {
          "expr": "rate(node_disk_reads_completed_total{instance=~\"$node|$nodeHost.*\"}[2m])",
          "format": "time_series",
          "intervalFactor": 1,
          "legendFormat": "Read. {{device}}",
          "refId": "A"
        },
        {
          "expr": "rate(node_disk_writes_completed_total{instance=~\"$node|$nodeHost.*\"}[2m])",
          "format": "time_series",
          "intervalFactor": 1,
          "legendFormat": "Write. {{device}}",
          "refId": "B"
        }
      ],
      "thresholds": [],
      "timeFrom": null,
      "timeRegions": [],
      "timeShift": null,
      "title": "Disk IOPS",
      "tooltip": {
        "shared": true,
        "sort": 0,
        "value_type": "individual"
      },
      "type": "graph",
      "xaxis": {
        "buckets": null,
        "mode": "time",
        "name": null,
        "show": true,
        "values": []
      },
      "yaxes": [
        {
          "format": "iops",
          "label": null,
          "logBase": 1,
          "max": null,
          "min": "0",
          "show": true
        },
        {
          "format": "short",
          "label": null,
          "logBase": 1,
          "max": null,
          "min": null,
          "show": true
        }
      ],
      "yaxis": {
        "align": false,
        "alignLevel": null
      }
    },
    {
      "aliasColors": {},
      "bars": false,
      "datasource": "$PromDs",
      "dashLength": 10,
      "dashes": false,
      "fill": 1,
      "gridPos": {
        "h": 8,
        "w": 8,
        "x": 0,
        "y": 28
      },
      "id": 15,
      "legend": {
        "avg": false,
        "current": false,
        "max": false,
        "min": false,
        "show": true,
        "total": false,
        "values": false
      },
      "lines": true,
      "linewidth": 1,
      "links": [],
      "nullPointMode": "null",
      "paceLength": 10,
      "percentage": false,
      "pointradius": 2,
      "points": false,
      "renderer": "flot",
      "seriesOverrides": [],
      "stack": false,
      "steppedLine": false,
      "targets": [
        {
          "expr": "rate(node_network_receive_bytes_total{instance=~\"$node|$nodeHost.*\", device!~\"veth.*\"}[2m])",
          "format": "time_series",
          "intervalFactor": 1,
          "legendFormat": "Recieve. {{device}}",
          "refId": "A"
        },
        {
          "expr": "rate(node_network_transmit_bytes_total{instance=~\"$node|$nodeHost.*\", device!~\"veth.*\"}[2m])",
          "format": "time_series",
          "intervalFactor": 1,
          "legendFormat": "Transmit. {{device}}",
          "refId": "B"
        }
      ],
      "thresholds": [],
      "timeFrom": null,
      "timeRegions": [],
      "timeShift": null,
      "title": "Network. Traffic/sec",
      "tooltip": {
        "shared": true,
        "sort": 0,
        "value_type": "individual"
      },
      "type": "graph",
      "xaxis": {
        "buckets": null,
        "mode": "time",
        "name": null,
        "show": true,
        "values": []
      },
      "yaxes": [
        {
          "format": "Bps",
          "label": null,
          "logBase": 1,
          "max": null,
          "min": "0",
          "show": true
        },
        {
          "format": "short",
          "label": null,
          "logBase": 1,
          "max": null,
          "min": null,
          "show": true
        }
      ],
      "yaxis": {
        "align": false,
        "alignLevel": null
      }
    },
    {
      "aliasColors": {},
      "bars": false,
      "dashLength": 10,
      "datasource": "$PromDs",
      "dashes": false,
      "fill": 1,
      "gridPos": {
        "h": 8,
        "w": 8,
        "x": 8,
        "y": 28
      },
      "id": 16,
      "legend": {
        "avg": false,
        "current": false,
        "max": false,
        "min": false,
        "show": true,
        "total": false,
        "values": false
      },
      "lines": true,
      "linewidth": 1,
      "links": [],
      "nullPointMode": "null",
      "paceLength": 10,
      "percentage": false,
      "pointradius": 2,
      "points": false,
      "renderer": "flot",
      "seriesOverrides": [],
      "stack": false,
      "steppedLine": false,
      "targets": [
        {
          "expr": "node_network_receive_errs_total{instance=~\"$node|$nodeHost.*\", device!~\"veth.*\"}",
          "format": "time_series",
          "intervalFactor": 1,
          "legendFormat": "Receive. {{device}}",
          "refId": "A"
        },
        {
          "expr": "node_network_transmit_errs_total{instance=~\"$node|$nodeHost.*\", device!~\"veth.*\"}",
          "format": "time_series",
          "intervalFactor": 1,
          "legendFormat": "Transmit. {{device}}",
          "refId": "B"
        }
      ],
      "thresholds": [],
      "timeFrom": null,
      "timeRegions": [],
      "timeShift": null,
      "title": "Network. Errors",
      "tooltip": {
        "shared": true,
        "sort": 0,
        "value_type": "individual"
      },
      "type": "graph",
      "xaxis": {
        "buckets": null,
        "mode": "time",
        "name": null,
        "show": true,
        "values": []
      },
      "yaxes": [
        {
          "format": "short",
          "label": null,
          "logBase": 1,
          "max": null,
          "min": "0",
          "show": true
        },
        {
          "format": "short",
          "label": null,
          "logBase": 1,
          "max": null,
          "min": null,
          "show": true
        }
      ],
      "yaxis": {
        "align": false,
        "alignLevel": null
      }
    },
    {
      "aliasColors": {},
      "bars": false,
      "datasource": "$PromDs",
      "dashLength": 10,
      "dashes": false,
      "fill": 1,
      "gridPos": {
        "h": 8,
        "w": 8,
        "x": 16,
        "y": 28
      },
      "id": 17,
      "legend": {
        "avg": false,
        "current": false,
        "max": false,
        "min": false,
        "show": true,
        "total": false,
        "values": false
      },
      "lines": true,
      "linewidth": 1,
      "links": [],
      "nullPointMode": "null",
      "paceLength": 10,
      "percentage": false,
      "pointradius": 2,
      "points": false,
      "renderer": "flot",
      "seriesOverrides": [],
      "stack": false,
      "steppedLine": false,
      "targets": [
        {
          "expr": "rate(node_network_receive_packets_total{instance=~\"$node|$nodeHost.*\", device!~\"veth.*\"}[2m])",
          "format": "time_series",
          "intervalFactor": 1,
          "legendFormat": "Receive. {{device}}",
          "refId": "A"
        },
        {
          "expr": "rate(node_network_transmit_packets_total{instance=~\"$node|$nodeHost.*\", device!~\"veth.*\"}[2m])",
          "format": "time_series",
          "intervalFactor": 1,
          "legendFormat": "Transmit. {{device}}",
          "refId": "B"
        }
      ],
      "thresholds": [],
      "timeFrom": null,
      "timeRegions": [],
      "timeShift": null,
      "title": "Network. Packets",
      "tooltip": {
        "shared": true,
        "sort": 0,
        "value_type": "individual"
      },
      "type": "graph",
      "xaxis": {
        "buckets": null,
        "mode": "time",
        "name": null,
        "show": true,
        "values": []
      },
      "yaxes": [
        {
          "format": "pps",
          "label": null,
          "logBase": 1,
          "max": null,
          "min": "0",
          "show": true
        },
        {
          "format": "short",
          "label": null,
          "logBase": 1,
          "max": null,
          "min": null,
          "show": true
        }
      ],
      "yaxis": {
        "align": false,
        "alignLevel": null
      }
    }
  ],
  "links": [
    {
      "icon": "external link",
      "tags": [],
      "targetBlank": true,
      "title": "DevOpsProdigy",
      "type": "link",
      "url": "https://devopsprodigy.com/"
    },
    {
      "icon": "external link",
      "tags": [],
      "targetBlank": true,
      "title": "KubeGraf",
      "tooltip": "",
      "type": "link",
      "url": "https://devopsprodigy.com/products/kubegraf"
    },
    {
      "asDropdown": true,
      "icon": "external link",
      "tags": [
        "KubeGraf"
      ],
      "title": "Dashboards",
      "type": "dashboards"
    }
  ]
}
