{
  "__inputs": [],
  "__requires": [
    {
      "type": "grafana",
      "id": "grafana",
      "name": "Grafana",
      "version": "5.0.0-pre1"
    },
    {
      "type": "panel",
      "id": "graph",
      "name": "Graph",
      "version": ""
    },
    {
      "type": "panel",
      "id": "singlestat",
      "name": "Singlestat",
      "version": ""
    }
  ],
  "annotations": {
    "list": [
      {
        "builtIn": 1,
        "datasource": "-- Grafana --",
        "enable": true,
        "hide": true,
        "iconColor": "rgba(0, 211, 255, 1)",
        "name": "Annotations & Alerts",
        "type": "dashboard"
      }
    ]
  },
  "id": null,
  "editable": true,
  "graphTooltip": 1,
  "refresh": "1m",
  "schemaVersion": 21,
  "time": {
    "from": "now-30m",
    "to": "now"
  },
  "timepicker": {
    "refresh_intervals": [
      "5s",
      "10s",
      "30s",
      "1m",
      "5m",
      "15m",
      "30m",
      "1h",
      "2h",
      "1d"
    ],
    "time_options": [
      "5m",
      "15m",
      "1h",
      "6h",
      "12h",
      "24h",
      "2d",
      "7d",
      "30d"
    ]
  },
  "tags": ["kubernetes", "DevOpsProdigy", "pod", "KubeGraf"],
  "timezone": "browser",
  "title": "DevOpsProdigy KubeGraf Pod's Dashboard",
  "templating": {
    "list": [
      {
        "hide": 0,
        "label": null,
        "name": "cluster",
        "options": [],
        "query": "devopsprodidy-kubegraf-datasource",
        "refresh": 1,
        "regex": "",
        "type": "datasource"
      },
      {
        "datasource": "$cluster",
        "hide": 2,
        "label": "",
        "name": "prom_ds",
        "options": [],
        "query": "prom",
        "refresh": 1,
        "regex": "",
        "type": "query"
      },
      {
        "hide": 2,
        "label": "",
        "name": "PromDs",
        "options": [],
        "query": "prometheus",
        "refresh": 1,
        "regex": "/^$prom_ds$/",
        "type": "datasource"
      },
      {
        "datasource": "$cluster",
        "type": "query",
        "name": "namespace",
        "query": "namespace",
        "hide": 0,
        "label": null,
        "options": [],
        "refresh": 1,
        "regex": ""
      },
      {
        "datasource": "$cluster",
        "type": "query",
        "name": "pod",
        "query": "pod $namespace",
        "hide": 0,
        "label": null,
        "options": [],
        "refresh": 1,
        "regex": ""
      },
      {
        "datasource": "$cluster",
        "type": "query",
        "name": "containers",
        "query": "containers $namespace pod $pod",
        "hide": 0,
        "label": null,
        "options": [],
        "refresh": 1,
        "regex": ""
      }
    ]
  },
  "panels": [
    {
      "aliasColors": {},
      "datasource": "$PromDs",
      "bars": false,
      "dashLength": 10,
      "dashes": false,
      "fill": 1,
      "gridPos": {
        "h": 6,
        "w": 12,
        "x": 0,
        "y": 0
      },
      "id": 1,
      "legend": {
        "avg": false,
        "current": false,
        "max": false,
        "min": false,
        "show": true,
        "total": false,
        "values": false
      },
      "lines": true,
      "linewidth": 1,
      "links": [],
      "nullPointMode": "null",
      "paceLength": 10,
      "percentage": false,
      "pointradius": 2,
      "points": false,
      "renderer": "flot",
      "seriesOverrides": [],
      "stack": false,
      "steppedLine": false,
      "targets": [
        {
          "expr": "sum(container_memory_usage_bytes{namespace=\"$namespace\", pod=\"$pod\", container!=\"\", container!=\"POD\", container=~\"$containers\"}) or sum(container_memory_usage_bytes{namespace=\"$namespace\", pod_name=\"$pod\", container_name!=\"\", container_name!=\"POD\", container_name=~\"$containers\"})",
          "format": "time_series",
          "intervalFactor": 1,
          "legendFormat": "Used",
          "refId": "B"
        },
        {
          "expr": "sum(kube_pod_container_resource_requests_memory_bytes{namespace=\"$namespace\", pod=\"$pod\"})",
          "format": "time_series",
          "intervalFactor": 1,
          "legendFormat": "Requested",
          "refId": "A"
        }
      ],
      "thresholds": [],
      "timeFrom": null,
      "timeRegions": [],
      "timeShift": null,
      "title": "Memory usage",
      "tooltip": {
        "shared": true,
        "sort": 0,
        "value_type": "individual"
      },
      "type": "graph",
      "xaxis": {
        "buckets": null,
        "mode": "time",
        "name": null,
        "show": true,
        "values": []
      },
      "yaxes": [
        {
          "format": "bytes",
          "label": null,
          "logBase": 1,
          "max": null,
          "min": "0",
          "show": true,
          "decimals": 2
        },
        {
          "format": "short",
          "label": null,
          "logBase": 1,
          "max": null,
          "min": null,
          "show": true
        }
      ],
      "yaxis": {
        "align": false,
        "alignLevel": null
      }
    },
    {
      "aliasColors": {},
      "datasource": "$PromDs",
      "bars": false,
      "dashLength": 10,
      "dashes": false,
      "fill": 1,
      "gridPos": {
        "h": 6,
        "w": 12,
        "x": 12,
        "y": 0
      },
      "id": 2,
      "legend": {
        "avg": false,
        "current": false,
        "max": false,
        "min": false,
        "show": true,
        "total": false,
        "values": false
      },
      "lines": true,
      "linewidth": 1,
      "links": [],
      "nullPointMode": "null",
      "paceLength": 10,
      "percentage": false,
      "pointradius": 2,
      "points": false,
      "renderer": "flot",
      "seriesOverrides": [],
      "stack": false,
      "steppedLine": false,
      "targets": [
        {
          "expr": "sum(rate(container_cpu_usage_seconds_total{namespace=\"$namespace\", pod=~\"$pod\", container!=\"\", container!=\"POD\", container=~\"$containers\"}[2m])) by (pod) or sum(rate(container_cpu_usage_seconds_total{namespace=\"$namespace\", pod_name=~\"$pod\", container_name!=\"\", container_name!=\"POD\", container_name=~\"$containers\"}[2m])) by (pod_name)",
          "format": "time_series",
          "intervalFactor": 1,
          "legendFormat": "Used",
          "refId": "A"
        },
        {
          "expr": "sum(kube_pod_container_resource_requests_cpu_cores{namespace=\"$namespace\", pod=~\"$pod\"})",
          "legendFormat": "Requested",
          "refId": "B"
        }
      ],
      "thresholds": [],
      "timeFrom": null,
      "timeRegions": [],
      "timeShift": null,
      "title": "CPU Usage",
      "tooltip": {
        "shared": true,
        "sort": 0,
        "value_type": "individual"
      },
      "type": "graph",
      "xaxis": {
        "buckets": null,
        "mode": "time",
        "name": null,
        "show": true,
        "values": []
      },
      "yaxes": [
        {
          "format": "s",
          "label": null,
          "logBase": 1,
          "max": null,
          "min": "0",
          "show": true
        },
        {
          "format": "short",
          "label": null,
          "logBase": 1,
          "max": null,
          "min": null,
          "show": true
        }
      ],
      "yaxis": {
        "align": false,
        "alignLevel": null
      }
    },
    {
      "aliasColors": {},
      "datasource": "$PromDs",
      "bars": false,
      "dashLength": 10,
      "dashes": false,
      "fill": 1,
      "gridPos": {
        "h": 6,
        "w": 12,
        "x": 0,
        "y": 8
      },
      "id": 3,
      "legend": {
        "avg": false,
        "current": false,
        "max": false,
        "min": false,
        "show": true,
        "total": false,
        "values": false
      },
      "lines": true,
      "linewidth": 1,
      "links": [],
      "nullPointMode": "null",
      "paceLength": 10,
      "percentage": false,
      "pointradius": 2,
      "points": false,
      "renderer": "flot",
      "seriesOverrides": [],
      "stack": false,
      "steppedLine": false,
      "targets": [
        {
          "expr": "irate(container_network_transmit_bytes_total{namespace=\"$namespace\", pod=\"$pod\"}[2m]) or irate(container_network_transmit_bytes_total{namespace=\"$namespace\", pod_name=\"$pod\"}[2m])",
          "format": "time_series",
          "intervalFactor": 1,
          "legendFormat": "{{interface}}",
          "refId": "A"
        }
      ],
      "thresholds": [],
      "timeFrom": null,
      "timeRegions": [],
      "timeShift": null,
      "title": "Traffic transmit",
      "tooltip": {
        "shared": true,
        "sort": 0,
        "value_type": "individual"
      },
      "type": "graph",
      "xaxis": {
        "buckets": null,
        "mode": "time",
        "name": null,
        "show": true,
        "values": []
      },
      "yaxes": [
        {
          "format": "Bps",
          "label": null,
          "logBase": 1,
          "max": null,
          "min": "0",
          "show": true
        },
        {
          "format": "short",
          "label": null,
          "logBase": 1,
          "max": null,
          "min": null,
          "show": true
        }
      ],
      "yaxis": {
        "align": false,
        "alignLevel": null
      }
    },
    {
      "aliasColors": {},
      "datasource": "$PromDs",
      "bars": false,
      "dashLength": 10,
      "dashes": false,
      "fill": 1,
      "gridPos": {
        "h": 6,
        "w": 12,
        "x": 12,
        "y": 8
      },
      "id": 4,
      "legend": {
        "avg": false,
        "current": false,
        "max": false,
        "min": false,
        "show": true,
        "total": false,
        "values": false
      },
      "lines": true,
      "linewidth": 1,
      "links": [],
      "nullPointMode": "null",
      "paceLength": 10,
      "percentage": false,
      "pointradius": 2,
      "points": false,
      "renderer": "flot",
      "seriesOverrides": [],
      "stack": false,
      "steppedLine": false,
      "targets": [
        {
          "expr": "irate(container_network_receive_bytes_total{namespace=\"$namespace\", pod=\"$pod\"}[2m]) or irate(container_network_receive_bytes_total{namespace=\"$namespace\", pod_name=\"$pod\"}[2m])",
          "format": "time_series",
          "intervalFactor": 1,
          "legendFormat": "{{interface}}",
          "refId": "A"
        }
      ],
      "thresholds": [],
      "timeFrom": null,
      "timeRegions": [],
      "timeShift": null,
      "title": "Traffic receive",
      "tooltip": {
        "shared": true,
        "sort": 0,
        "value_type": "individual"
      },
      "type": "graph",
      "xaxis": {
        "buckets": null,
        "mode": "time",
        "name": null,
        "show": true,
        "values": []
      },
      "yaxes": [
        {
          "format": "Bps",
          "label": null,
          "logBase": 1,
          "max": null,
          "min": "0",
          "show": true
        },
        {
          "format": "short",
          "label": null,
          "logBase": 1,
          "max": null,
          "min": null,
          "show": true
        }
      ],
      "yaxis": {
        "align": false,
        "alignLevel": null
      }
    },
    {
      "aliasColors": {},
      "bars": false,
      "dashLength": 10,
      "dashes": false,
      "datasource": "$PromDs",
      "fill": 1,
      "fillGradient": 0,
      "gridPos": {
        "h": 7,
        "w": 24,
        "x": 0,
        "y": 12
      },
      "hiddenSeries": false,
      "id": 5,
      "legend": {
        "avg": false,
        "current": false,
        "max": false,
        "min": false,
        "rightSide": true,
        "show": true,
        "total": false,
        "values": false
      },
      "lines": true,
      "linewidth": 1,
      "nullPointMode": "null",
      "options": {
        "dataLinks": []
      },
      "percentage": false,
      "pointradius": 2,
      "points": false,
      "renderer": "flot",
      "seriesOverrides": [],
      "spaceLength": 10,
      "stack": false,
      "steppedLine": false,
      "targets": [
        {
          "expr": "kube_pod_container_status_ready{namespace=\"$namespace\", pod=~\"$pod\", container=~\"$containers\"}",
          "legendFormat": "Ready [{{pod}} / {{container}}]",
          "refId": "A"
        },
        {
          "expr": "kube_pod_container_status_running{namespace=\"$namespace\", pod=~\"$pod\", container=~\"$containers\"}",
          "legendFormat": "Running [{{pod}} / {{container}}]",
          "refId": "B"
        },
        {
          "expr": "kube_pod_container_status_waiting{namespace=\"$namespace\", pod=~\"$pod\", container=~\"$containers\"}",
          "legendFormat": "Waiting [{{pod}} / {{container}}]",
          "refId": "C"
        },
        {
          "expr": "kube_pod_container_status_terminated{namespace=\"$namespace\", pod=~\"$pod\", container=~\"$containers\"}",
          "legendFormat": "Terminated [{{pod}} / {{container}}]",
          "refId": "D"
        }
      ],
      "thresholds": [],
      "timeFrom": null,
      "timeRegions": [],
      "timeShift": null,
      "title": "Containers' statuses",
      "tooltip": {
        "shared": true,
        "sort": 0,
        "value_type": "individual"
      },
      "type": "graph",
      "xaxis": {
        "buckets": null,
        "mode": "time",
        "name": null,
        "show": true,
        "values": []
      },
      "yaxes": [
        {
          "format": "short",
          "label": null,
          "logBase": 1,
          "max": null,
          "min": null,
          "show": true
        },
        {
          "format": "short",
          "label": null,
          "logBase": 1,
          "max": null,
          "min": null,
          "show": true
        }
      ],
      "yaxis": {
        "align": false,
        "alignLevel": null
      }
    },
    {
      "cacheTimeout": null,
      "colorBackground": false,
      "colorValue": false,
      "colors": [
        "#299c46",
        "rgba(237, 129, 40, 0.89)",
        "#d44a3a"
      ],
      "datasource": "$PromDs",
      "format": "none",
      "gauge": {
        "maxValue": 100,
        "minValue": 0,
        "show": false,
        "thresholdLabels": false,
        "thresholdMarkers": true
      },
      "gridPos": {
        "h": 6,
        "w": 6,
        "x": 0,
        "y": 13
      },
      "id": 6,
      "interval": null,
      "links": [],
      "mappingType": 1,
      "mappingTypes": [
        {
          "name": "value to text",
          "value": 1
        },
        {
          "name": "range to text",
          "value": 2
        }
      ],
      "maxDataPoints": 100,
      "nullPointMode": "connected",
      "nullText": null,
      "options": {},
      "postfix": "",
      "postfixFontSize": "50%",
      "prefix": "",
      "prefixFontSize": "50%",
      "rangeMaps": [
        {
          "from": "null",
          "text": "N/A",
          "to": "null"
        }
      ],
      "sparkline": {
        "fillColor": "rgba(31, 118, 189, 0.18)",
        "full": false,
        "lineColor": "rgb(31, 120, 193)",
        "show": false,
        "ymax": null,
        "ymin": null
      },
      "tableColumn": "",
      "targets": [
        {
          "expr": "sum(kube_pod_container_status_restarts_total{namespace=\"$namespace\", container=~\"$containers\", pod=\"$pod\"})",
          "refId": "A",
          "instant": true
        }
      ],
      "thresholds": "",
      "timeFrom": null,
      "timeShift": null,
      "title": "Containers' restarts total",
      "type": "singlestat",
      "valueFontSize": "80%",
      "valueMaps": [
        {
          "op": "=",
          "text": "N/A",
          "value": "null"
        }
      ],
      "valueName": "current"
    },
    {
      "aliasColors": {},
      "bars": false,
      "dashLength": 10,
      "dashes": false,
      "datasource": "$PromDs",
      "fill": 1,
      "fillGradient": 0,
      "gridPos": {
        "h": 6,
        "w": 18,
        "x": 6,
        "y": 16
      },
      "id": 7,
      "legend": {
        "avg": false,
        "current": false,
        "max": false,
        "min": false,
        "rightSide": true,
        "show": true,
        "total": false,
        "values": false
      },
      "lines": true,
      "linewidth": 1,
      "nullPointMode": "null",
      "options": {
        "dataLinks": []
      },
      "percentage": false,
      "pointradius": 2,
      "points": false,
      "renderer": "flot",
      "seriesOverrides": [],
      "spaceLength": 10,
      "stack": false,
      "steppedLine": false,
      "targets": [
        {
          "expr": "kube_pod_container_status_restarts_total{namespace=\"$namespace\", container=~\"$containers\", pod=\"$pod\"}",
          "legendFormat": "Restarts [{{pod}} / {{ container}} ]",
          "refId": "A"
        }
      ],
      "thresholds": [],
      "timeFrom": null,
      "timeRegions": [],
      "timeShift": null,
      "title": "Containers' restarts",
      "tooltip": {
        "shared": true,
        "sort": 0,
        "value_type": "individual"
      },
      "type": "graph",
      "xaxis": {
        "buckets": null,
        "mode": "time",
        "name": null,
        "show": true,
        "values": []
      },
      "yaxes": [
        {
          "format": "short",
          "label": null,
          "logBase": 1,
          "max": null,
          "min": null,
          "show": true,
          "decimals": 0
        },
        {
          "format": "short",
          "label": null,
          "logBase": 1,
          "max": null,
          "min": null,
          "show": true
        }
      ],
      "yaxis": {
        "align": false,
        "alignLevel": null
      }
    },
    {
      "aliasColors": {},
      "datasource": "$PromDs",
      "bars": false,
      "dashLength": 10,
      "dashes": false,
      "fill": 1,
      "gridPos": {
        "h": 6,
        "w": 12,
        "x": 0,
        "y": 18
      },
      "id": 8,
      "legend": {
        "avg": false,
        "current": false,
        "max": false,
        "min": false,
        "show": true,
        "total": false,
        "values": false,
        "rightSide": true
      },
      "lines": true,
      "linewidth": 1,
      "links": [],
      "nullPointMode": "null",
      "paceLength": 10,
      "percentage": false,
      "pointradius": 2,
      "points": false,
      "renderer": "flot",
      "seriesOverrides": [],
      "stack": false,
      "steppedLine": false,
      "targets": [
        {
          "expr": "rate(container_fs_reads_total{namespace=\"$namespace\", pod=\"$pod\", container!=\"\", container!=\"POD\"}[5m]) or rate(container_fs_reads_total{namespace=\"$namespace\", pod_name=\"$pod\", container_name!=\"\", container_name!=\"POD\"}[5m])",
          "format": "time_series",
          "intervalFactor": 1,
          "legendFormat": "Reads {{ device }} [{{ pod }} / {{ container }}]",
          "refId": "A"
        }
      ],
      "thresholds": [],
      "timeFrom": null,
      "timeRegions": [],
      "timeShift": null,
      "title": "Read IOPS",
      "tooltip": {
        "shared": true,
        "sort": 0,
        "value_type": "individual"
      },
      "type": "graph",
      "xaxis": {
        "buckets": null,
        "mode": "time",
        "name": null,
        "show": true,
        "values": []
      },
      "yaxes": [
        {
          "format": "iops",
          "label": null,
          "logBase": 1,
          "max": null,
          "min": "0",
          "show": true,
          "decimals": 2
        },
        {
          "format": "short",
          "label": null,
          "logBase": 1,
          "max": null,
          "min": null,
          "show": true
        }
      ],
      "yaxis": {
        "align": false,
        "alignLevel": null
      }
    },
    {
      "aliasColors": {},
      "datasource": "$PromDs",
      "bars": false,
      "dashLength": 10,
      "dashes": false,
      "fill": 1,
      "gridPos": {
        "h": 6,
        "w": 12,
        "x": 12,
        "y": 18
      },
      "id": 9,
      "legend": {
        "avg": false,
        "current": false,
        "max": false,
        "min": false,
        "show": true,
        "total": false,
        "values": false,
        "rightSide": true
      },
      "lines": true,
      "linewidth": 1,
      "links": [],
      "nullPointMode": "null",
      "paceLength": 10,
      "percentage": false,
      "pointradius": 2,
      "points": false,
      "renderer": "flot",
      "seriesOverrides": [],
      "stack": false,
      "steppedLine": false,
      "targets": [
        {
          "expr": "rate(container_fs_writes_total{namespace=\"$namespace\", pod=\"$pod\", container!=\"\", container!=\"POD\"}[5m]) or rate(container_fs_writes_total{namespace=\"$namespace\", pod_name=\"$pod\", container_name!=\"\", container_name!=\"POD\"}[5m])",
          "format": "time_series",
          "intervalFactor": 1,
          "legendFormat": "Writes {{ device }} [{{ pod }} / {{ container }}]",
          "refId": "A"
        }
      ],
      "thresholds": [],
      "timeFrom": null,
      "timeRegions": [],
      "timeShift": null,
      "title": "Write IOPS",
      "tooltip": {
        "shared": true,
        "sort": 0,
        "value_type": "individual"
      },
      "type": "graph",
      "xaxis": {
        "buckets": null,
        "mode": "time",
        "name": null,
        "show": true,
        "values": []
      },
      "yaxes": [
        {
          "format": "iops",
          "label": null,
          "logBase": 1,
          "max": null,
          "min": "0",
          "show": true,
          "decimals": 2
        },
        {
          "format": "short",
          "label": null,
          "logBase": 1,
          "max": null,
          "min": null,
          "show": true
        }
      ],
      "yaxis": {
        "align": false,
        "alignLevel": null
      }
    }
  ],
  "links": [
    {
      "icon": "external link",
      "tags": [],
      "targetBlank": true,
      "title": "DevOpsProdigy",
      "type": "link",
      "url": "https://devopsprodigy.com/"
    },
    {
      "icon": "external link",
      "tags": [],
      "targetBlank": true,
      "title": "KubeGraf",
      "tooltip": "",
      "type": "link",
      "url": "https://devopsprodigy.com/products/kubegraf"
    },
    {
      "asDropdown": true,
      "icon": "external link",
      "tags": [
        "KubeGraf"
      ],
      "title": "Dashboards",
      "type": "dashboards"
    }
  ]
}
